<?xml version="1.0" encoding="UTF-8" standalone="yes"?>
<service serviceGroup="" cachable="false" cacheduration="" description="" endpoint="default" groupType="" id="getWMBTBREPPICKGETTO" passwordencrypted="false" security="authorized_app_user" type="jsonConnector" smscode="" smsenabled="false">
    <service-config>
        <config-param api-version="" appid="" name="preprocessorname" value=""/>
        <config-param api-version="" appid="" name="postprocessorname" value=""/>
        <config-param api-version="" appid="" name="preprocessorJS" value=""/>
        <config-param api-version="" appid="" name="postprocessorJS" value=""/>
        <config-param api-version="" appid="" name="kony_http_supported_methods" value="POST"/>
        <config-param api-version="" appid="" name="endpointUrl" value="https://konydev.capral.com.au:15075/v1/WM_BTB_REPPICK_GET_TO?$filters=W_UNAME[EQ]$W_UNAME"/>
        <config-param api-version="" appid="" name="ignorehttpproxy" value="true"/>
        <config-param api-version="" appid="" name="http.method" value="GET"/>
        <config-param api-version="" appid="" name="dataObjectName" value="WM_BTB_REPPICK_GET_TO"/>
        <config-param api-version="" appid="" name="libraryName" value="WM"/>
        <config-param api-version="" appid="" name="sockettimeout" value=""/>
        <config-param api-version="" appid="" name="responseEncoding" value="UTF-8"/>
        <config-param api-version="" appid="" name="isembedxmlpresent" value="false"/>
        <config-param api-version="" appid="" name="retrycount" value="0"/>
        <config-param api-version="" appid="" name="identityProvider" value="SAPCOD01"/>
        <config-param api-version="" appid="" name="identityProviderType" value="sky"/>
        <config-param api-version="" appid="" name="password" value="Muassi"/>
    </service-config>
    <service-input passthrough="false">
        <header datatype="" name="" passthrough="false">
            <param datatype="string" defaultvalue="" description="" encode="false" format="None" formatvalue="" name="KonySAP-Session-Key" order="" sms-name="" src="request" sourcevalue="" srcformatvalue="" target="" targetdatatype="" testvalue="" value="">
                <accessType></accessType>
            </param>
            <param datatype="string" defaultvalue="0" description="" encode="false" format="None" formatvalue="" name="KonySAP-Request-Buffer-Size" order="" sms-name="" src="request" sourcevalue="" srcformatvalue="" target="" targetdatatype="" testvalue="" value="0">
                <accessType></accessType>
            </param>
        </header>
        <param datatype="string" defaultvalue="" description="" encode="true" format="None" formatvalue="" name="W_UNAME" order="" passnull="false" sms-name="" src="request" sourcevalue="" srcformatvalue="" target="request" targetdatatype="java.lang.String" testvalue="MENDE" value="">
            <accessType></accessType>
        </param>
        <template-param datatype="" defaultvalue="&lt;?xml version=&quot;1.0&quot; encoding=&quot;UTF-8&quot; standalone=&quot;no&quot;?&gt;&#xA;&lt;entry&gt;&#xA;    &lt;headers KonySAP-Response-Content-Encoding=&quot;UTF-8&quot; KonySAP-Response-Content-Type=&quot;XML&quot; KonySAP-Response-Time-Sap=&quot;7&quot; KonySAP-Response-Transfer-Id=&quot;0000004308&quot;/&gt;&#xA;    &lt;service&gt;&#xA;        &lt;name&gt;WM_BTB_REPPICK_GET_TO&lt;/name&gt;&#xA;        &lt;description&gt;Bin to Bin fix BIN REPLENISHMENT: get open to&lt;/description&gt;&#xA;        &lt;library&gt;WM&lt;/library&gt;&#xA;        &lt;group/&gt;&#xA;        &lt;url&gt;http://konydev.capral.com.au:15075/v1/WM_BTB_REPPICK_GET_TO&lt;/url&gt;&#xA;        &lt;metadata&gt;http://konydev.capral.com.au:15075/v1/metadata/WM_BTB_REPPICK_GET_TO&lt;/metadata&gt;&#xA;        &lt;methods&gt;&#xA;            &lt;get&gt;true&lt;/get&gt;&#xA;            &lt;put&gt;true&lt;/put&gt;&#xA;            &lt;patch&gt;true&lt;/patch&gt;&#xA;            &lt;post&gt;true&lt;/post&gt;&#xA;            &lt;delete&gt;true&lt;/delete&gt;&#xA;        &lt;/methods&gt;&#xA;        &lt;table description=&quot;W_UNAME&quot; input_output=&quot;INPUT&quot; name=&quot;W_UNAME&quot; type=&quot;ATTRIBUTE&quot;&gt;&#xA;            &lt;attribute mandatory=&quot;true&quot; maxlength=&quot;12&quot; name=&quot;W_UNAME&quot; richtype=&quot;CHARACTER&quot; type=&quot;xsd:string&quot;/&gt;&#xA;        &lt;/table&gt;&#xA;        &lt;table description=&quot;ZWM_BTB_CONF&quot; input_output=&quot;OUTPUT&quot; name=&quot;ZWM_BTB_CONF&quot; type=&quot;STRUCTURE&quot;&gt;&#xA;            &lt;attribute description=&quot;ABAP System Field: Message Type&quot; mandatory=&quot;true&quot; maxlength=&quot;1&quot; name=&quot;MSGTY&quot; richtype=&quot;CHARACTER&quot; type=&quot;xsd:string&quot;/&gt;&#xA;            &lt;attribute description=&quot;Char 80&quot; mandatory=&quot;true&quot; maxlength=&quot;80&quot; name=&quot;ERROR&quot; richtype=&quot;CHARACTER&quot; type=&quot;xsd:string&quot;/&gt;&#xA;        &lt;/table&gt;&#xA;        &lt;table description=&quot;ZWM_OPEN_TO&quot; input_output=&quot;BOTH&quot; name=&quot;ZWM_OPEN_TO&quot; type=&quot;STRUCTURE&quot;&gt;&#xA;            &lt;attribute description=&quot;Warehouse Number / Warehouse Complex&quot; mandatory=&quot;true&quot; maxlength=&quot;3&quot; name=&quot;LGNUM&quot; richtype=&quot;CHARACTER&quot; type=&quot;xsd:string&quot;/&gt;&#xA;            &lt;attribute description=&quot;Transfer Order Number&quot; mandatory=&quot;true&quot; maxlength=&quot;10&quot; name=&quot;TANUM&quot; richtype=&quot;CHARACTERNUMERIC&quot; type=&quot;xsd:string&quot;/&gt;&#xA;            &lt;attribute description=&quot;Transfer order item&quot; mandatory=&quot;true&quot; maxlength=&quot;4&quot; name=&quot;TAPOS&quot; richtype=&quot;CHARACTERNUMERIC&quot; type=&quot;xsd:string&quot;/&gt;&#xA;            &lt;attribute description=&quot;Source Storage Type&quot; mandatory=&quot;true&quot; maxlength=&quot;3&quot; name=&quot;VLTYP&quot; richtype=&quot;CHARACTER&quot; type=&quot;xsd:string&quot;/&gt;&#xA;            &lt;attribute description=&quot;Source Storage Bin&quot; mandatory=&quot;true&quot; maxlength=&quot;10&quot; name=&quot;VLPLA&quot; richtype=&quot;CHARACTER&quot; type=&quot;xsd:string&quot;/&gt;&#xA;            &lt;attribute description=&quot;Material Number&quot; mandatory=&quot;true&quot; maxlength=&quot;18&quot; name=&quot;MATNR&quot; richtype=&quot;CHARACTER&quot; type=&quot;xsd:string&quot;/&gt;&#xA;            &lt;attribute description=&quot;Material Description (Short Text)&quot; mandatory=&quot;true&quot; maxlength=&quot;40&quot; name=&quot;MAKTX&quot; richtype=&quot;CHARACTER&quot; type=&quot;xsd:string&quot;/&gt;&#xA;            &lt;attribute description=&quot;Basic Material&quot; mandatory=&quot;true&quot; maxlength=&quot;48&quot; name=&quot;WRKST&quot; richtype=&quot;CHARACTER&quot; type=&quot;xsd:string&quot;/&gt;&#xA;            &lt;attribute description=&quot;Old material number&quot; mandatory=&quot;true&quot; maxlength=&quot;18&quot; name=&quot;BISMT&quot; richtype=&quot;CHARACTER&quot; type=&quot;xsd:string&quot;/&gt;&#xA;            &lt;attribute description=&quot;Section.No&quot; mandatory=&quot;true&quot; maxlength=&quot;18&quot; name=&quot;FERTH&quot; richtype=&quot;CHARACTER&quot; type=&quot;xsd:string&quot;/&gt;&#xA;            &lt;attribute description=&quot;Document number (without document management system)&quot; mandatory=&quot;true&quot; maxlength=&quot;22&quot; name=&quot;ZEINR&quot; richtype=&quot;CHARACTER&quot; type=&quot;xsd:string&quot;/&gt;&#xA;            &lt;attribute description=&quot;Source storage unit number&quot; mandatory=&quot;true&quot; maxlength=&quot;20&quot; name=&quot;VLENR&quot; richtype=&quot;CHARACTER&quot; type=&quot;xsd:string&quot;/&gt;&#xA;            &lt;attribute decimals=&quot;3&quot; description=&quot;Source target quantity in alternate unit&quot; mandatory=&quot;true&quot; maxlength=&quot;13&quot; name=&quot;VSOLA&quot; richtype=&quot;DECIMAL&quot; signed=&quot;true&quot; type=&quot;xsd:decimal&quot;/&gt;&#xA;            &lt;attribute description=&quot;Base Unit of Measure&quot; mandatory=&quot;true&quot; maxlength=&quot;3&quot; name=&quot;MEINS&quot; richtype=&quot;CHARACTER&quot; type=&quot;xsd:string&quot;/&gt;&#xA;            &lt;attribute decimals=&quot;3&quot; description=&quot;Gross weight of transfer order item&quot; mandatory=&quot;true&quot; maxlength=&quot;11&quot; name=&quot;BRGEW&quot; richtype=&quot;DECIMAL&quot; signed=&quot;true&quot; type=&quot;xsd:decimal&quot;/&gt;&#xA;            &lt;attribute description=&quot;Weight Unit&quot; mandatory=&quot;true&quot; maxlength=&quot;3&quot; name=&quot;GEWEI&quot; richtype=&quot;CHARACTER&quot; type=&quot;xsd:string&quot;/&gt;&#xA;            &lt;attribute description=&quot;Destination Storage Type&quot; mandatory=&quot;true&quot; maxlength=&quot;3&quot; name=&quot;NLTYP&quot; richtype=&quot;CHARACTER&quot; type=&quot;xsd:string&quot;/&gt;&#xA;            &lt;attribute description=&quot;Destination Storage Bin&quot; mandatory=&quot;true&quot; maxlength=&quot;10&quot; name=&quot;NLPLA&quot; richtype=&quot;CHARACTER&quot; type=&quot;xsd:string&quot;/&gt;&#xA;            &lt;attribute description=&quot;Single-Character Indicator&quot; mandatory=&quot;true&quot; maxlength=&quot;1&quot; name=&quot;DELETE&quot; richtype=&quot;CHARACTER&quot; type=&quot;xsd:string&quot;/&gt;&#xA;        &lt;/table&gt;&#xA;    &lt;/service&gt;&#xA;&lt;/entry&gt;" description="" encode="false" format="" formatvalue="" name="message" order="" sms-name="" src="" sourcevalue="" srcformatvalue="" target="" targetdatatype="" value="&lt;?xml version=&quot;1.0&quot; encoding=&quot;UTF-8&quot; standalone=&quot;no&quot;?&gt;&#xA;&lt;entry&gt;&#xA;    &lt;headers KonySAP-Response-Content-Encoding=&quot;UTF-8&quot; KonySAP-Response-Content-Type=&quot;XML&quot; KonySAP-Response-Time-Sap=&quot;7&quot; KonySAP-Response-Transfer-Id=&quot;0000004308&quot;/&gt;&#xA;    &lt;service&gt;&#xA;        &lt;name&gt;WM_BTB_REPPICK_GET_TO&lt;/name&gt;&#xA;        &lt;description&gt;Bin to Bin fix BIN REPLENISHMENT: get open to&lt;/description&gt;&#xA;        &lt;library&gt;WM&lt;/library&gt;&#xA;        &lt;group/&gt;&#xA;        &lt;url&gt;http://konydev.capral.com.au:15075/v1/WM_BTB_REPPICK_GET_TO&lt;/url&gt;&#xA;        &lt;metadata&gt;http://konydev.capral.com.au:15075/v1/metadata/WM_BTB_REPPICK_GET_TO&lt;/metadata&gt;&#xA;        &lt;methods&gt;&#xA;            &lt;get&gt;true&lt;/get&gt;&#xA;            &lt;put&gt;true&lt;/put&gt;&#xA;            &lt;patch&gt;true&lt;/patch&gt;&#xA;            &lt;post&gt;true&lt;/post&gt;&#xA;            &lt;delete&gt;true&lt;/delete&gt;&#xA;        &lt;/methods&gt;&#xA;        &lt;table description=&quot;W_UNAME&quot; input_output=&quot;INPUT&quot; name=&quot;W_UNAME&quot; type=&quot;ATTRIBUTE&quot;&gt;&#xA;            &lt;attribute mandatory=&quot;true&quot; maxlength=&quot;12&quot; name=&quot;W_UNAME&quot; richtype=&quot;CHARACTER&quot; type=&quot;xsd:string&quot;/&gt;&#xA;        &lt;/table&gt;&#xA;        &lt;table description=&quot;ZWM_BTB_CONF&quot; input_output=&quot;OUTPUT&quot; name=&quot;ZWM_BTB_CONF&quot; type=&quot;STRUCTURE&quot;&gt;&#xA;            &lt;attribute description=&quot;ABAP System Field: Message Type&quot; mandatory=&quot;true&quot; maxlength=&quot;1&quot; name=&quot;MSGTY&quot; richtype=&quot;CHARACTER&quot; type=&quot;xsd:string&quot;/&gt;&#xA;            &lt;attribute description=&quot;Char 80&quot; mandatory=&quot;true&quot; maxlength=&quot;80&quot; name=&quot;ERROR&quot; richtype=&quot;CHARACTER&quot; type=&quot;xsd:string&quot;/&gt;&#xA;        &lt;/table&gt;&#xA;        &lt;table description=&quot;ZWM_OPEN_TO&quot; input_output=&quot;BOTH&quot; name=&quot;ZWM_OPEN_TO&quot; type=&quot;STRUCTURE&quot;&gt;&#xA;            &lt;attribute description=&quot;Warehouse Number / Warehouse Complex&quot; mandatory=&quot;true&quot; maxlength=&quot;3&quot; name=&quot;LGNUM&quot; richtype=&quot;CHARACTER&quot; type=&quot;xsd:string&quot;/&gt;&#xA;            &lt;attribute description=&quot;Transfer Order Number&quot; mandatory=&quot;true&quot; maxlength=&quot;10&quot; name=&quot;TANUM&quot; richtype=&quot;CHARACTERNUMERIC&quot; type=&quot;xsd:string&quot;/&gt;&#xA;            &lt;attribute description=&quot;Transfer order item&quot; mandatory=&quot;true&quot; maxlength=&quot;4&quot; name=&quot;TAPOS&quot; richtype=&quot;CHARACTERNUMERIC&quot; type=&quot;xsd:string&quot;/&gt;&#xA;            &lt;attribute description=&quot;Source Storage Type&quot; mandatory=&quot;true&quot; maxlength=&quot;3&quot; name=&quot;VLTYP&quot; richtype=&quot;CHARACTER&quot; type=&quot;xsd:string&quot;/&gt;&#xA;            &lt;attribute description=&quot;Source Storage Bin&quot; mandatory=&quot;true&quot; maxlength=&quot;10&quot; name=&quot;VLPLA&quot; richtype=&quot;CHARACTER&quot; type=&quot;xsd:string&quot;/&gt;&#xA;            &lt;attribute description=&quot;Material Number&quot; mandatory=&quot;true&quot; maxlength=&quot;18&quot; name=&quot;MATNR&quot; richtype=&quot;CHARACTER&quot; type=&quot;xsd:string&quot;/&gt;&#xA;            &lt;attribute description=&quot;Material Description (Short Text)&quot; mandatory=&quot;true&quot; maxlength=&quot;40&quot; name=&quot;MAKTX&quot; richtype=&quot;CHARACTER&quot; type=&quot;xsd:string&quot;/&gt;&#xA;            &lt;attribute description=&quot;Basic Material&quot; mandatory=&quot;true&quot; maxlength=&quot;48&quot; name=&quot;WRKST&quot; richtype=&quot;CHARACTER&quot; type=&quot;xsd:string&quot;/&gt;&#xA;            &lt;attribute description=&quot;Old material number&quot; mandatory=&quot;true&quot; maxlength=&quot;18&quot; name=&quot;BISMT&quot; richtype=&quot;CHARACTER&quot; type=&quot;xsd:string&quot;/&gt;&#xA;            &lt;attribute description=&quot;Section.No&quot; mandatory=&quot;true&quot; maxlength=&quot;18&quot; name=&quot;FERTH&quot; richtype=&quot;CHARACTER&quot; type=&quot;xsd:string&quot;/&gt;&#xA;            &lt;attribute description=&quot;Document number (without document management system)&quot; mandatory=&quot;true&quot; maxlength=&quot;22&quot; name=&quot;ZEINR&quot; richtype=&quot;CHARACTER&quot; type=&quot;xsd:string&quot;/&gt;&#xA;            &lt;attribute description=&quot;Source storage unit number&quot; mandatory=&quot;true&quot; maxlength=&quot;20&quot; name=&quot;VLENR&quot; richtype=&quot;CHARACTER&quot; type=&quot;xsd:string&quot;/&gt;&#xA;            &lt;attribute decimals=&quot;3&quot; description=&quot;Source target quantity in alternate unit&quot; mandatory=&quot;true&quot; maxlength=&quot;13&quot; name=&quot;VSOLA&quot; richtype=&quot;DECIMAL&quot; signed=&quot;true&quot; type=&quot;xsd:decimal&quot;/&gt;&#xA;            &lt;attribute description=&quot;Base Unit of Measure&quot; mandatory=&quot;true&quot; maxlength=&quot;3&quot; name=&quot;MEINS&quot; richtype=&quot;CHARACTER&quot; type=&quot;xsd:string&quot;/&gt;&#xA;            &lt;attribute decimals=&quot;3&quot; description=&quot;Gross weight of transfer order item&quot; mandatory=&quot;true&quot; maxlength=&quot;11&quot; name=&quot;BRGEW&quot; richtype=&quot;DECIMAL&quot; signed=&quot;true&quot; type=&quot;xsd:decimal&quot;/&gt;&#xA;            &lt;attribute description=&quot;Weight Unit&quot; mandatory=&quot;true&quot; maxlength=&quot;3&quot; name=&quot;GEWEI&quot; richtype=&quot;CHARACTER&quot; type=&quot;xsd:string&quot;/&gt;&#xA;            &lt;attribute description=&quot;Destination Storage Type&quot; mandatory=&quot;true&quot; maxlength=&quot;3&quot; name=&quot;NLTYP&quot; richtype=&quot;CHARACTER&quot; type=&quot;xsd:string&quot;/&gt;&#xA;            &lt;attribute description=&quot;Destination Storage Bin&quot; mandatory=&quot;true&quot; maxlength=&quot;10&quot; name=&quot;NLPLA&quot; richtype=&quot;CHARACTER&quot; type=&quot;xsd:string&quot;/&gt;&#xA;            &lt;attribute description=&quot;Single-Character Indicator&quot; mandatory=&quot;true&quot; maxlength=&quot;1&quot; name=&quot;DELETE&quot; richtype=&quot;CHARACTER&quot; type=&quot;xsd:string&quot;/&gt;&#xA;        &lt;/table&gt;&#xA;    &lt;/service&gt;&#xA;&lt;/entry&gt;">
            <accessType></accessType>
        </template-param>
    </service-input>
    <service-output passthrough="false">
        <param datatype="string" defaultvalue="" description="" encode="true" format="None" formatvalue="" name="WM_BTB_REPPICK_GET_TO" order="" passnull="false" sms-name="" src="entry" sourcevalue="" srcformatvalue="" target="response" targetdatatype="java.lang.String" testvalue="" value="">
            <accessType></accessType>
        </param>
    </service-output>
</service>
