<?xml version="1.0" encoding="UTF-8" standalone="yes"?>
<service serviceGroup="" cachable="false" cacheduration="" description="" endpoint="default" groupType="" id="getWMBTBMOVECASE" passwordencrypted="false" security="authorized_app_user" type="jsonConnector" smscode="" smsenabled="false">
    <service-config>
        <config-param api-version="" appid="" name="preprocessorname" value=""/>
        <config-param api-version="" appid="" name="postprocessorname" value=""/>
        <config-param api-version="" appid="" name="preprocessorJS" value=""/>
        <config-param api-version="" appid="" name="postprocessorJS" value=""/>
        <config-param api-version="" appid="" name="kony_http_supported_methods" value="POST"/>
        <config-param api-version="" appid="" name="endpointUrl" value="https://konydev.capral.com.au:15075/v1/WM_BTB_MOVE_CASE?$filters=ZWM_BTB_MOVE.LENUM[EQ]$lenum,ZWM_BTB_MOVE.LGNUM[EQ]$lgnum,ZWM_BTB_MOVE.MATNR[EQ]$matnr,ZWM_BTB_MOVE.MAKTX[EQ]$maktx,ZWM_BTB_MOVE.WRKST[EQ]$wrkst,ZWM_BTB_MOVE.BISMT[EQ]$bismt,ZWM_BTB_MOVE.FERTH[EQ]$ferth,ZWM_BTB_MOVE.ZEINR[EQ]$zeinr,ZWM_BTB_MOVE.VSOLA[EQ]$vsola,ZWM_BTB_MOVE.MEINS[EQ]$meins,ZWM_BTB_MOVE.BRGEW[EQ]$brgew,ZWM_BTB_MOVE.GEWEI[EQ]$gewei,ZWM_BTB_MOVE.NLTYP[EQ]$nltyp,ZWM_BTB_MOVE.NLPLA[EQ]$nlpla,ZWM_BTB_MOVE.CONF_NLPLA[EQ]$conf_nlpla,ZWM_BTB_MOVE.QNAME[EQ]$qname,ZWM_BTB_MOVE.ACTIVITY[EQ]$activity,ZWM_BTB_MOVE.MSGTY[EQ]$msgty,ZWM_BTB_MOVE.ERROR[EQ]$error"/>
        <config-param api-version="" appid="" name="ignorehttpproxy" value="true"/>
        <config-param api-version="" appid="" name="http.method" value="GET"/>
        <config-param api-version="" appid="" name="dataObjectName" value="WM_BTB_MOVE_CASE"/>
        <config-param api-version="" appid="" name="libraryName" value="WM"/>
        <config-param api-version="" appid="" name="sockettimeout" value=""/>
        <config-param api-version="" appid="" name="responseEncoding" value="UTF-8"/>
        <config-param api-version="" appid="" name="isembedxmlpresent" value="false"/>
        <config-param api-version="" appid="" name="retrycount" value="0"/>
        <config-param api-version="" appid="" name="identityProvider" value="SAPCOD01"/>
        <config-param api-version="" appid="" name="identityProviderType" value="sky"/>
        <config-param api-version="" appid="" name="password" value="Muassi"/>
    </service-config>
    <service-input passthrough="false">
        <header datatype="" name="" passthrough="false">
            <param datatype="string" defaultvalue="" description="" encode="false" format="None" formatvalue="" name="KonySAP-Session-Key" order="" sms-name="" src="request" sourcevalue="" srcformatvalue="" target="" targetdatatype="" testvalue="" value="">
                <accessType></accessType>
            </param>
            <param datatype="string" defaultvalue="0" description="" encode="false" format="None" formatvalue="" name="KonySAP-Request-Buffer-Size" order="" sms-name="" src="request" sourcevalue="" srcformatvalue="" target="" targetdatatype="" testvalue="" value="0">
                <accessType></accessType>
            </param>
        </header>
        <param datatype="string" defaultvalue="" description="" encode="true" format="None" formatvalue="" name="lenum" order="" passnull="false" sms-name="" src="request" sourcevalue="" srcformatvalue="" target="request" targetdatatype="java.lang.String" testvalue="00000000001000000022" value="">
            <accessType></accessType>
        </param>
        <param datatype="string" defaultvalue="" description="" encode="true" format="None" formatvalue="" name="lgnum" order="" passnull="false" sms-name="" src="request" sourcevalue="" srcformatvalue="" target="request" targetdatatype="java.lang.String" testvalue="480" value="">
            <accessType></accessType>
        </param>
        <param datatype="string" defaultvalue="" description="" encode="true" format="None" formatvalue="" name="matnr" order="" passnull="false" sms-name="" src="request" sourcevalue="" srcformatvalue="" target="request" targetdatatype="java.lang.String" testvalue="" value="">
            <accessType></accessType>
        </param>
        <param datatype="string" defaultvalue="" description="" encode="true" format="None" formatvalue="" name="maktx" order="" passnull="false" sms-name="" src="request" sourcevalue="" srcformatvalue="" target="request" targetdatatype="java.lang.String" testvalue="" value="">
            <accessType></accessType>
        </param>
        <param datatype="string" defaultvalue="" description="" encode="true" format="None" formatvalue="" name="wrkst" order="" passnull="false" sms-name="" src="request" sourcevalue="" srcformatvalue="" target="request" targetdatatype="java.lang.String" testvalue="" value="">
            <accessType></accessType>
        </param>
        <param datatype="string" defaultvalue="" description="" encode="true" format="None" formatvalue="" name="bismt" order="" passnull="false" sms-name="" src="request" sourcevalue="" srcformatvalue="" target="request" targetdatatype="java.lang.String" testvalue="" value="">
            <accessType></accessType>
        </param>
        <param datatype="string" defaultvalue="" description="" encode="true" format="None" formatvalue="" name="ferth" order="" passnull="false" sms-name="" src="request" sourcevalue="" srcformatvalue="" target="request" targetdatatype="java.lang.String" testvalue="" value="">
            <accessType></accessType>
        </param>
        <param datatype="string" defaultvalue="" description="" encode="true" format="None" formatvalue="" name="zeinr" order="" passnull="false" sms-name="" src="request" sourcevalue="" srcformatvalue="" target="request" targetdatatype="java.lang.String" testvalue="" value="">
            <accessType></accessType>
        </param>
        <param datatype="string" defaultvalue="" description="" encode="true" format="None" formatvalue="" name="vsola" order="" passnull="false" sms-name="" src="request" sourcevalue="" srcformatvalue="" target="request" targetdatatype="java.lang.String" testvalue="" value="">
            <accessType></accessType>
        </param>
        <param datatype="string" defaultvalue="" description="" encode="true" format="None" formatvalue="" name="meins" order="" passnull="false" sms-name="" src="request" sourcevalue="" srcformatvalue="" target="request" targetdatatype="java.lang.String" testvalue="" value="">
            <accessType></accessType>
        </param>
        <param datatype="string" defaultvalue="" description="" encode="true" format="None" formatvalue="" name="brgew" order="" passnull="false" sms-name="" src="request" sourcevalue="" srcformatvalue="" target="request" targetdatatype="java.lang.String" testvalue="" value="">
            <accessType></accessType>
        </param>
        <param datatype="string" defaultvalue="" description="" encode="true" format="None" formatvalue="" name="gewei" order="" passnull="false" sms-name="" src="request" sourcevalue="" srcformatvalue="" target="request" targetdatatype="java.lang.String" testvalue="" value="">
            <accessType></accessType>
        </param>
        <param datatype="string" defaultvalue="" description="" encode="true" format="None" formatvalue="" name="nltyp" order="" passnull="false" sms-name="" src="request" sourcevalue="" srcformatvalue="" target="request" targetdatatype="java.lang.String" testvalue="" value="">
            <accessType></accessType>
        </param>
        <param datatype="string" defaultvalue="" description="" encode="true" format="None" formatvalue="" name="nlpla" order="" passnull="false" sms-name="" src="request" sourcevalue="" srcformatvalue="" target="request" targetdatatype="java.lang.String" testvalue="" value="">
            <accessType></accessType>
        </param>
        <param datatype="string" defaultvalue="" description="" encode="true" format="None" formatvalue="" name="conf_nlpla" order="" passnull="false" sms-name="" src="request" sourcevalue="" srcformatvalue="" target="request" targetdatatype="java.lang.String" testvalue="GEORG1" value="">
            <accessType></accessType>
        </param>
        <param datatype="string" defaultvalue="" description="" encode="true" format="None" formatvalue="" name="qname" order="" passnull="false" sms-name="" src="request" sourcevalue="" srcformatvalue="" target="request" targetdatatype="java.lang.String" testvalue="EBERL" value="">
            <accessType></accessType>
        </param>
        <param datatype="string" defaultvalue="" description="" encode="true" format="None" formatvalue="" name="activity" order="" passnull="false" sms-name="" src="request" sourcevalue="" srcformatvalue="" target="request" targetdatatype="java.lang.String" testvalue="MOVECASE" value="">
            <accessType></accessType>
        </param>
        <param datatype="string" defaultvalue="" description="" encode="true" format="None" formatvalue="" name="msgty" order="" passnull="false" sms-name="" src="request" sourcevalue="" srcformatvalue="" target="request" targetdatatype="java.lang.String" testvalue="" value="">
            <accessType></accessType>
        </param>
        <param datatype="string" defaultvalue="" description="" encode="true" format="None" formatvalue="" name="error" order="" passnull="false" sms-name="" src="request" sourcevalue="" srcformatvalue="" target="request" targetdatatype="java.lang.String" testvalue="" value="">
            <accessType></accessType>
        </param>
        <template-param datatype="" defaultvalue="&lt;?xml version=&quot;1.0&quot; encoding=&quot;UTF-8&quot; standalone=&quot;no&quot;?&gt;&#xA;&lt;entry&gt;&#xA;    &lt;headers KonySAP-Response-Content-Encoding=&quot;UTF-8&quot; KonySAP-Response-Content-Type=&quot;XML&quot; KonySAP-Response-Time-Sap=&quot;16&quot; KonySAP-Response-Transfer-Id=&quot;0000004130&quot;/&gt;&#xA;    &lt;service&gt;&#xA;        &lt;name&gt;WM_BTB_MOVE_CASE&lt;/name&gt;&#xA;        &lt;description&gt;Bin to Bin move case&lt;/description&gt;&#xA;        &lt;library&gt;WM&lt;/library&gt;&#xA;        &lt;group/&gt;&#xA;        &lt;url&gt;http://konydev.capral.com.au:15075/v1/WM_BTB_MOVE_CASE&lt;/url&gt;&#xA;        &lt;metadata&gt;http://konydev.capral.com.au:15075/v1/metadata/WM_BTB_MOVE_CASE&lt;/metadata&gt;&#xA;        &lt;methods&gt;&#xA;            &lt;get&gt;true&lt;/get&gt;&#xA;            &lt;put&gt;true&lt;/put&gt;&#xA;            &lt;patch&gt;true&lt;/patch&gt;&#xA;            &lt;post&gt;true&lt;/post&gt;&#xA;            &lt;delete&gt;true&lt;/delete&gt;&#xA;        &lt;/methods&gt;&#xA;        &lt;table description=&quot;ZWM_BTB_MOVE&quot; input_output=&quot;INPUT&quot; name=&quot;ZWM_BTB_MOVE&quot; type=&quot;STRUCTURE&quot;&gt;&#xA;            &lt;attribute description=&quot;Storage Unit Number&quot; mandatory=&quot;true&quot; maxlength=&quot;20&quot; name=&quot;LENUM&quot; richtype=&quot;CHARACTER&quot; type=&quot;xsd:string&quot;/&gt;&#xA;            &lt;attribute description=&quot;Warehouse Number / Warehouse Complex&quot; mandatory=&quot;true&quot; maxlength=&quot;3&quot; name=&quot;LGNUM&quot; richtype=&quot;CHARACTER&quot; type=&quot;xsd:string&quot;/&gt;&#xA;            &lt;attribute description=&quot;Material Number&quot; mandatory=&quot;true&quot; maxlength=&quot;18&quot; name=&quot;MATNR&quot; richtype=&quot;CHARACTER&quot; type=&quot;xsd:string&quot;/&gt;&#xA;            &lt;attribute description=&quot;Material Description (Short Text)&quot; mandatory=&quot;true&quot; maxlength=&quot;40&quot; name=&quot;MAKTX&quot; richtype=&quot;CHARACTER&quot; type=&quot;xsd:string&quot;/&gt;&#xA;            &lt;attribute description=&quot;Basic Material&quot; mandatory=&quot;true&quot; maxlength=&quot;48&quot; name=&quot;WRKST&quot; richtype=&quot;CHARACTER&quot; type=&quot;xsd:string&quot;/&gt;&#xA;            &lt;attribute description=&quot;Old material number&quot; mandatory=&quot;true&quot; maxlength=&quot;18&quot; name=&quot;BISMT&quot; richtype=&quot;CHARACTER&quot; type=&quot;xsd:string&quot;/&gt;&#xA;            &lt;attribute description=&quot;Section.No&quot; mandatory=&quot;true&quot; maxlength=&quot;18&quot; name=&quot;FERTH&quot; richtype=&quot;CHARACTER&quot; type=&quot;xsd:string&quot;/&gt;&#xA;            &lt;attribute description=&quot;Document number (without document management system)&quot; mandatory=&quot;true&quot; maxlength=&quot;22&quot; name=&quot;ZEINR&quot; richtype=&quot;CHARACTER&quot; type=&quot;xsd:string&quot;/&gt;&#xA;            &lt;attribute decimals=&quot;3&quot; description=&quot;Source target quantity in alternate unit&quot; mandatory=&quot;true&quot; maxlength=&quot;13&quot; name=&quot;VSOLA&quot; richtype=&quot;DECIMAL&quot; signed=&quot;true&quot; type=&quot;xsd:decimal&quot;/&gt;&#xA;            &lt;attribute description=&quot;Base Unit of Measure&quot; mandatory=&quot;true&quot; maxlength=&quot;3&quot; name=&quot;MEINS&quot; richtype=&quot;CHARACTER&quot; type=&quot;xsd:string&quot;/&gt;&#xA;            &lt;attribute decimals=&quot;3&quot; description=&quot;Gross weight of transfer order item&quot; mandatory=&quot;true&quot; maxlength=&quot;11&quot; name=&quot;BRGEW&quot; richtype=&quot;DECIMAL&quot; signed=&quot;true&quot; type=&quot;xsd:decimal&quot;/&gt;&#xA;            &lt;attribute description=&quot;Weight Unit&quot; mandatory=&quot;true&quot; maxlength=&quot;3&quot; name=&quot;GEWEI&quot; richtype=&quot;CHARACTER&quot; type=&quot;xsd:string&quot;/&gt;&#xA;            &lt;attribute description=&quot;Destination Storage Type&quot; mandatory=&quot;true&quot; maxlength=&quot;3&quot; name=&quot;NLTYP&quot; richtype=&quot;CHARACTER&quot; type=&quot;xsd:string&quot;/&gt;&#xA;            &lt;attribute description=&quot;Destination Storage Bin&quot; mandatory=&quot;true&quot; maxlength=&quot;10&quot; name=&quot;NLPLA&quot; richtype=&quot;CHARACTER&quot; type=&quot;xsd:string&quot;/&gt;&#xA;            &lt;attribute description=&quot;Destination Storage Bin&quot; mandatory=&quot;true&quot; maxlength=&quot;10&quot; name=&quot;CONF_NLPLA&quot; richtype=&quot;CHARACTER&quot; type=&quot;xsd:string&quot;/&gt;&#xA;            &lt;attribute description=&quot;User name&quot; mandatory=&quot;true&quot; maxlength=&quot;12&quot; name=&quot;QNAME&quot; richtype=&quot;CHARACTER&quot; type=&quot;xsd:string&quot;/&gt;&#xA;            &lt;attribute description=&quot;Character Field Length = 10&quot; mandatory=&quot;true&quot; maxlength=&quot;10&quot; name=&quot;ACTIVITY&quot; richtype=&quot;CHARACTER&quot; type=&quot;xsd:string&quot;/&gt;&#xA;            &lt;attribute description=&quot;ABAP System Field: Message Type&quot; mandatory=&quot;true&quot; maxlength=&quot;1&quot; name=&quot;MSGTY&quot; richtype=&quot;CHARACTER&quot; type=&quot;xsd:string&quot;/&gt;&#xA;            &lt;attribute description=&quot;Char 80&quot; mandatory=&quot;true&quot; maxlength=&quot;80&quot; name=&quot;ERROR&quot; richtype=&quot;CHARACTER&quot; type=&quot;xsd:string&quot;/&gt;&#xA;        &lt;/table&gt;&#xA;        &lt;table description=&quot;ZWM_BTB_CONF&quot; input_output=&quot;OUTPUT&quot; name=&quot;ZWM_BTB_CONF&quot; type=&quot;STRUCTURE&quot;&gt;&#xA;            &lt;attribute description=&quot;ABAP System Field: Message Type&quot; mandatory=&quot;true&quot; maxlength=&quot;1&quot; name=&quot;MSGTY&quot; richtype=&quot;CHARACTER&quot; type=&quot;xsd:string&quot;/&gt;&#xA;            &lt;attribute description=&quot;Char 80&quot; mandatory=&quot;true&quot; maxlength=&quot;80&quot; name=&quot;ERROR&quot; richtype=&quot;CHARACTER&quot; type=&quot;xsd:string&quot;/&gt;&#xA;        &lt;/table&gt;&#xA;    &lt;/service&gt;&#xA;&lt;/entry&gt;" description="" encode="false" format="" formatvalue="" name="message" order="" sms-name="" src="" sourcevalue="" srcformatvalue="" target="" targetdatatype="" value="&lt;?xml version=&quot;1.0&quot; encoding=&quot;UTF-8&quot; standalone=&quot;no&quot;?&gt;&#xA;&lt;entry&gt;&#xA;    &lt;headers KonySAP-Response-Content-Encoding=&quot;UTF-8&quot; KonySAP-Response-Content-Type=&quot;XML&quot; KonySAP-Response-Time-Sap=&quot;16&quot; KonySAP-Response-Transfer-Id=&quot;0000004130&quot;/&gt;&#xA;    &lt;service&gt;&#xA;        &lt;name&gt;WM_BTB_MOVE_CASE&lt;/name&gt;&#xA;        &lt;description&gt;Bin to Bin move case&lt;/description&gt;&#xA;        &lt;library&gt;WM&lt;/library&gt;&#xA;        &lt;group/&gt;&#xA;        &lt;url&gt;http://konydev.capral.com.au:15075/v1/WM_BTB_MOVE_CASE&lt;/url&gt;&#xA;        &lt;metadata&gt;http://konydev.capral.com.au:15075/v1/metadata/WM_BTB_MOVE_CASE&lt;/metadata&gt;&#xA;        &lt;methods&gt;&#xA;            &lt;get&gt;true&lt;/get&gt;&#xA;            &lt;put&gt;true&lt;/put&gt;&#xA;            &lt;patch&gt;true&lt;/patch&gt;&#xA;            &lt;post&gt;true&lt;/post&gt;&#xA;            &lt;delete&gt;true&lt;/delete&gt;&#xA;        &lt;/methods&gt;&#xA;        &lt;table description=&quot;ZWM_BTB_MOVE&quot; input_output=&quot;INPUT&quot; name=&quot;ZWM_BTB_MOVE&quot; type=&quot;STRUCTURE&quot;&gt;&#xA;            &lt;attribute description=&quot;Storage Unit Number&quot; mandatory=&quot;true&quot; maxlength=&quot;20&quot; name=&quot;LENUM&quot; richtype=&quot;CHARACTER&quot; type=&quot;xsd:string&quot;/&gt;&#xA;            &lt;attribute description=&quot;Warehouse Number / Warehouse Complex&quot; mandatory=&quot;true&quot; maxlength=&quot;3&quot; name=&quot;LGNUM&quot; richtype=&quot;CHARACTER&quot; type=&quot;xsd:string&quot;/&gt;&#xA;            &lt;attribute description=&quot;Material Number&quot; mandatory=&quot;true&quot; maxlength=&quot;18&quot; name=&quot;MATNR&quot; richtype=&quot;CHARACTER&quot; type=&quot;xsd:string&quot;/&gt;&#xA;            &lt;attribute description=&quot;Material Description (Short Text)&quot; mandatory=&quot;true&quot; maxlength=&quot;40&quot; name=&quot;MAKTX&quot; richtype=&quot;CHARACTER&quot; type=&quot;xsd:string&quot;/&gt;&#xA;            &lt;attribute description=&quot;Basic Material&quot; mandatory=&quot;true&quot; maxlength=&quot;48&quot; name=&quot;WRKST&quot; richtype=&quot;CHARACTER&quot; type=&quot;xsd:string&quot;/&gt;&#xA;            &lt;attribute description=&quot;Old material number&quot; mandatory=&quot;true&quot; maxlength=&quot;18&quot; name=&quot;BISMT&quot; richtype=&quot;CHARACTER&quot; type=&quot;xsd:string&quot;/&gt;&#xA;            &lt;attribute description=&quot;Section.No&quot; mandatory=&quot;true&quot; maxlength=&quot;18&quot; name=&quot;FERTH&quot; richtype=&quot;CHARACTER&quot; type=&quot;xsd:string&quot;/&gt;&#xA;            &lt;attribute description=&quot;Document number (without document management system)&quot; mandatory=&quot;true&quot; maxlength=&quot;22&quot; name=&quot;ZEINR&quot; richtype=&quot;CHARACTER&quot; type=&quot;xsd:string&quot;/&gt;&#xA;            &lt;attribute decimals=&quot;3&quot; description=&quot;Source target quantity in alternate unit&quot; mandatory=&quot;true&quot; maxlength=&quot;13&quot; name=&quot;VSOLA&quot; richtype=&quot;DECIMAL&quot; signed=&quot;true&quot; type=&quot;xsd:decimal&quot;/&gt;&#xA;            &lt;attribute description=&quot;Base Unit of Measure&quot; mandatory=&quot;true&quot; maxlength=&quot;3&quot; name=&quot;MEINS&quot; richtype=&quot;CHARACTER&quot; type=&quot;xsd:string&quot;/&gt;&#xA;            &lt;attribute decimals=&quot;3&quot; description=&quot;Gross weight of transfer order item&quot; mandatory=&quot;true&quot; maxlength=&quot;11&quot; name=&quot;BRGEW&quot; richtype=&quot;DECIMAL&quot; signed=&quot;true&quot; type=&quot;xsd:decimal&quot;/&gt;&#xA;            &lt;attribute description=&quot;Weight Unit&quot; mandatory=&quot;true&quot; maxlength=&quot;3&quot; name=&quot;GEWEI&quot; richtype=&quot;CHARACTER&quot; type=&quot;xsd:string&quot;/&gt;&#xA;            &lt;attribute description=&quot;Destination Storage Type&quot; mandatory=&quot;true&quot; maxlength=&quot;3&quot; name=&quot;NLTYP&quot; richtype=&quot;CHARACTER&quot; type=&quot;xsd:string&quot;/&gt;&#xA;            &lt;attribute description=&quot;Destination Storage Bin&quot; mandatory=&quot;true&quot; maxlength=&quot;10&quot; name=&quot;NLPLA&quot; richtype=&quot;CHARACTER&quot; type=&quot;xsd:string&quot;/&gt;&#xA;            &lt;attribute description=&quot;Destination Storage Bin&quot; mandatory=&quot;true&quot; maxlength=&quot;10&quot; name=&quot;CONF_NLPLA&quot; richtype=&quot;CHARACTER&quot; type=&quot;xsd:string&quot;/&gt;&#xA;            &lt;attribute description=&quot;User name&quot; mandatory=&quot;true&quot; maxlength=&quot;12&quot; name=&quot;QNAME&quot; richtype=&quot;CHARACTER&quot; type=&quot;xsd:string&quot;/&gt;&#xA;            &lt;attribute description=&quot;Character Field Length = 10&quot; mandatory=&quot;true&quot; maxlength=&quot;10&quot; name=&quot;ACTIVITY&quot; richtype=&quot;CHARACTER&quot; type=&quot;xsd:string&quot;/&gt;&#xA;            &lt;attribute description=&quot;ABAP System Field: Message Type&quot; mandatory=&quot;true&quot; maxlength=&quot;1&quot; name=&quot;MSGTY&quot; richtype=&quot;CHARACTER&quot; type=&quot;xsd:string&quot;/&gt;&#xA;            &lt;attribute description=&quot;Char 80&quot; mandatory=&quot;true&quot; maxlength=&quot;80&quot; name=&quot;ERROR&quot; richtype=&quot;CHARACTER&quot; type=&quot;xsd:string&quot;/&gt;&#xA;        &lt;/table&gt;&#xA;        &lt;table description=&quot;ZWM_BTB_CONF&quot; input_output=&quot;OUTPUT&quot; name=&quot;ZWM_BTB_CONF&quot; type=&quot;STRUCTURE&quot;&gt;&#xA;            &lt;attribute description=&quot;ABAP System Field: Message Type&quot; mandatory=&quot;true&quot; maxlength=&quot;1&quot; name=&quot;MSGTY&quot; richtype=&quot;CHARACTER&quot; type=&quot;xsd:string&quot;/&gt;&#xA;            &lt;attribute description=&quot;Char 80&quot; mandatory=&quot;true&quot; maxlength=&quot;80&quot; name=&quot;ERROR&quot; richtype=&quot;CHARACTER&quot; type=&quot;xsd:string&quot;/&gt;&#xA;        &lt;/table&gt;&#xA;    &lt;/service&gt;&#xA;&lt;/entry&gt;">
            <accessType></accessType>
        </template-param>
    </service-input>
    <service-output passthrough="false">
        <param datatype="string" defaultvalue="" description="" encode="true" format="None" formatvalue="" name="WM_BTB_MOVE_CASE" order="" passnull="false" sms-name="" src="entry" sourcevalue="" srcformatvalue="" target="response" targetdatatype="java.lang.String" testvalue="" value="">
            <accessType></accessType>
        </param>
    </service-output>
</service>
