<?xml version="1.0" encoding="UTF-8" standalone="yes"?>
<service serviceGroup="" cachable="false" cacheduration="" description="" endpoint="default" groupType="" id="getWMUNLOCKTO" passwordencrypted="false" security="authorized_app_user" type="jsonConnector" smscode="" smsenabled="false">
    <service-config>
        <config-param api-version="" appid="" name="preprocessorname" value=""/>
        <config-param api-version="" appid="" name="postprocessorname" value=""/>
        <config-param api-version="" appid="" name="preprocessorJS" value=""/>
        <config-param api-version="" appid="" name="postprocessorJS" value=""/>
        <config-param api-version="" appid="" name="kony_http_supported_methods" value="POST"/>
        <config-param api-version="" appid="" name="endpointUrl" value="https://konydev.capral.com.au:15075/v1/WM_UNLOCK_TO?$filters=W_UNAME[EQ]$W_UNAME,W_LGNUM[EQ]$W_LGNUM,W_TANUM[EQ]$W_TANUM,W_TAPOS[EQ]$W_TAPOS"/>
        <config-param api-version="" appid="" name="ignorehttpproxy" value="true"/>
        <config-param api-version="" appid="" name="http.method" value="GET"/>
        <config-param api-version="" appid="" name="dataObjectName" value="WM_UNLOCK_TO"/>
        <config-param api-version="" appid="" name="libraryName" value="WM"/>
        <config-param api-version="" appid="" name="sockettimeout" value=""/>
        <config-param api-version="" appid="" name="responseEncoding" value="UTF-8"/>
        <config-param api-version="" appid="" name="isembedxmlpresent" value="false"/>
        <config-param api-version="" appid="" name="retrycount" value="0"/>
        <config-param api-version="" appid="" name="identityProvider" value="SAPCOD01"/>
        <config-param api-version="" appid="" name="identityProviderType" value="sky"/>
        <config-param api-version="" appid="" name="password" value="Muassi"/>
    </service-config>
    <service-input passthrough="false">
        <header datatype="" name="" passthrough="false">
            <param datatype="string" defaultvalue="" description="" encode="false" format="None" formatvalue="" name="KonySAP-Session-Key" order="" sms-name="" src="request" sourcevalue="" srcformatvalue="" target="" targetdatatype="" testvalue="" value="">
                <accessType></accessType>
            </param>
            <param datatype="string" defaultvalue="0" description="" encode="false" format="None" formatvalue="" name="KonySAP-Request-Buffer-Size" order="" sms-name="" src="request" sourcevalue="" srcformatvalue="" target="" targetdatatype="" testvalue="" value="0">
                <accessType></accessType>
            </param>
        </header>
        <param datatype="string" defaultvalue="" description="" encode="true" format="None" formatvalue="" name="W_UNAME" order="" passnull="false" sms-name="" src="request" sourcevalue="" srcformatvalue="" target="request" targetdatatype="java.lang.String" testvalue="EBERL" value="">
            <accessType></accessType>
        </param>
        <param datatype="string" defaultvalue="" description="" encode="true" format="None" formatvalue="" name="W_LGNUM" order="" passnull="false" sms-name="" src="request" sourcevalue="" srcformatvalue="" target="request" targetdatatype="java.lang.String" testvalue="" value="">
            <accessType></accessType>
        </param>
        <param datatype="string" defaultvalue="" description="" encode="true" format="None" formatvalue="" name="W_TANUM" order="" passnull="false" sms-name="" src="request" sourcevalue="" srcformatvalue="" target="request" targetdatatype="java.lang.String" testvalue="" value="">
            <accessType></accessType>
        </param>
        <param datatype="string" defaultvalue="" description="" encode="true" format="None" formatvalue="" name="W_TAPOS" order="" passnull="false" sms-name="" src="request" sourcevalue="" srcformatvalue="" target="request" targetdatatype="java.lang.String" testvalue="" value="">
            <accessType></accessType>
        </param>
        <template-param datatype="" defaultvalue="&lt;?xml version=&quot;1.0&quot; encoding=&quot;UTF-8&quot; standalone=&quot;no&quot;?&gt;&#xA;&lt;entry&gt;&#xA;    &lt;headers KonySAP-Response-Content-Encoding=&quot;UTF-8&quot; KonySAP-Response-Content-Type=&quot;XML&quot; KonySAP-Response-Time-Sap=&quot;4&quot; KonySAP-Response-Transfer-Id=&quot;0000004269&quot;/&gt;&#xA;    &lt;service&gt;&#xA;        &lt;name&gt;WM_UNLOCK_TO&lt;/name&gt;&#xA;        &lt;description&gt;Bin to Bin Unlock transfer order number&lt;/description&gt;&#xA;        &lt;library&gt;WM&lt;/library&gt;&#xA;        &lt;group/&gt;&#xA;        &lt;url&gt;http://konydev.capral.com.au:15075/v1/WM_UNLOCK_TO&lt;/url&gt;&#xA;        &lt;metadata&gt;http://konydev.capral.com.au:15075/v1/metadata/WM_UNLOCK_TO&lt;/metadata&gt;&#xA;        &lt;methods&gt;&#xA;            &lt;get&gt;true&lt;/get&gt;&#xA;            &lt;put&gt;true&lt;/put&gt;&#xA;            &lt;patch&gt;true&lt;/patch&gt;&#xA;            &lt;post&gt;true&lt;/post&gt;&#xA;            &lt;delete&gt;true&lt;/delete&gt;&#xA;        &lt;/methods&gt;&#xA;        &lt;table description=&quot;W_UNAME&quot; input_output=&quot;INPUT&quot; name=&quot;W_UNAME&quot; type=&quot;ATTRIBUTE&quot;&gt;&#xA;            &lt;attribute mandatory=&quot;true&quot; maxlength=&quot;12&quot; name=&quot;W_UNAME&quot; richtype=&quot;CHARACTER&quot; type=&quot;xsd:string&quot;/&gt;&#xA;        &lt;/table&gt;&#xA;        &lt;table description=&quot;W_LGNUM&quot; input_output=&quot;INPUT&quot; name=&quot;W_LGNUM&quot; type=&quot;ATTRIBUTE&quot;&gt;&#xA;            &lt;attribute mandatory=&quot;true&quot; maxlength=&quot;3&quot; name=&quot;W_LGNUM&quot; richtype=&quot;CHARACTER&quot; type=&quot;xsd:string&quot;/&gt;&#xA;        &lt;/table&gt;&#xA;        &lt;table description=&quot;W_TANUM&quot; input_output=&quot;INPUT&quot; name=&quot;W_TANUM&quot; type=&quot;ATTRIBUTE&quot;&gt;&#xA;            &lt;attribute mandatory=&quot;true&quot; maxlength=&quot;10&quot; name=&quot;W_TANUM&quot; richtype=&quot;CHARACTERNUMERIC&quot; type=&quot;xsd:string&quot;/&gt;&#xA;        &lt;/table&gt;&#xA;        &lt;table description=&quot;W_TAPOS&quot; input_output=&quot;INPUT&quot; name=&quot;W_TAPOS&quot; type=&quot;ATTRIBUTE&quot;&gt;&#xA;            &lt;attribute mandatory=&quot;true&quot; maxlength=&quot;4&quot; name=&quot;W_TAPOS&quot; richtype=&quot;CHARACTERNUMERIC&quot; type=&quot;xsd:string&quot;/&gt;&#xA;        &lt;/table&gt;&#xA;        &lt;table description=&quot;ZWM_BTB_CONF&quot; input_output=&quot;OUTPUT&quot; name=&quot;ZWM_BTB_CONF&quot; type=&quot;STRUCTURE&quot;&gt;&#xA;            &lt;attribute description=&quot;ABAP System Field: Message Type&quot; mandatory=&quot;true&quot; maxlength=&quot;1&quot; name=&quot;MSGTY&quot; richtype=&quot;CHARACTER&quot; type=&quot;xsd:string&quot;/&gt;&#xA;            &lt;attribute description=&quot;Char 80&quot; mandatory=&quot;true&quot; maxlength=&quot;80&quot; name=&quot;ERROR&quot; richtype=&quot;CHARACTER&quot; type=&quot;xsd:string&quot;/&gt;&#xA;        &lt;/table&gt;&#xA;    &lt;/service&gt;&#xA;&lt;/entry&gt;" description="" encode="false" format="" formatvalue="" name="message" order="" sms-name="" src="" sourcevalue="" srcformatvalue="" target="" targetdatatype="" value="&lt;?xml version=&quot;1.0&quot; encoding=&quot;UTF-8&quot; standalone=&quot;no&quot;?&gt;&#xA;&lt;entry&gt;&#xA;    &lt;headers KonySAP-Response-Content-Encoding=&quot;UTF-8&quot; KonySAP-Response-Content-Type=&quot;XML&quot; KonySAP-Response-Time-Sap=&quot;4&quot; KonySAP-Response-Transfer-Id=&quot;0000004269&quot;/&gt;&#xA;    &lt;service&gt;&#xA;        &lt;name&gt;WM_UNLOCK_TO&lt;/name&gt;&#xA;        &lt;description&gt;Bin to Bin Unlock transfer order number&lt;/description&gt;&#xA;        &lt;library&gt;WM&lt;/library&gt;&#xA;        &lt;group/&gt;&#xA;        &lt;url&gt;http://konydev.capral.com.au:15075/v1/WM_UNLOCK_TO&lt;/url&gt;&#xA;        &lt;metadata&gt;http://konydev.capral.com.au:15075/v1/metadata/WM_UNLOCK_TO&lt;/metadata&gt;&#xA;        &lt;methods&gt;&#xA;            &lt;get&gt;true&lt;/get&gt;&#xA;            &lt;put&gt;true&lt;/put&gt;&#xA;            &lt;patch&gt;true&lt;/patch&gt;&#xA;            &lt;post&gt;true&lt;/post&gt;&#xA;            &lt;delete&gt;true&lt;/delete&gt;&#xA;        &lt;/methods&gt;&#xA;        &lt;table description=&quot;W_UNAME&quot; input_output=&quot;INPUT&quot; name=&quot;W_UNAME&quot; type=&quot;ATTRIBUTE&quot;&gt;&#xA;            &lt;attribute mandatory=&quot;true&quot; maxlength=&quot;12&quot; name=&quot;W_UNAME&quot; richtype=&quot;CHARACTER&quot; type=&quot;xsd:string&quot;/&gt;&#xA;        &lt;/table&gt;&#xA;        &lt;table description=&quot;W_LGNUM&quot; input_output=&quot;INPUT&quot; name=&quot;W_LGNUM&quot; type=&quot;ATTRIBUTE&quot;&gt;&#xA;            &lt;attribute mandatory=&quot;true&quot; maxlength=&quot;3&quot; name=&quot;W_LGNUM&quot; richtype=&quot;CHARACTER&quot; type=&quot;xsd:string&quot;/&gt;&#xA;        &lt;/table&gt;&#xA;        &lt;table description=&quot;W_TANUM&quot; input_output=&quot;INPUT&quot; name=&quot;W_TANUM&quot; type=&quot;ATTRIBUTE&quot;&gt;&#xA;            &lt;attribute mandatory=&quot;true&quot; maxlength=&quot;10&quot; name=&quot;W_TANUM&quot; richtype=&quot;CHARACTERNUMERIC&quot; type=&quot;xsd:string&quot;/&gt;&#xA;        &lt;/table&gt;&#xA;        &lt;table description=&quot;W_TAPOS&quot; input_output=&quot;INPUT&quot; name=&quot;W_TAPOS&quot; type=&quot;ATTRIBUTE&quot;&gt;&#xA;            &lt;attribute mandatory=&quot;true&quot; maxlength=&quot;4&quot; name=&quot;W_TAPOS&quot; richtype=&quot;CHARACTERNUMERIC&quot; type=&quot;xsd:string&quot;/&gt;&#xA;        &lt;/table&gt;&#xA;        &lt;table description=&quot;ZWM_BTB_CONF&quot; input_output=&quot;OUTPUT&quot; name=&quot;ZWM_BTB_CONF&quot; type=&quot;STRUCTURE&quot;&gt;&#xA;            &lt;attribute description=&quot;ABAP System Field: Message Type&quot; mandatory=&quot;true&quot; maxlength=&quot;1&quot; name=&quot;MSGTY&quot; richtype=&quot;CHARACTER&quot; type=&quot;xsd:string&quot;/&gt;&#xA;            &lt;attribute description=&quot;Char 80&quot; mandatory=&quot;true&quot; maxlength=&quot;80&quot; name=&quot;ERROR&quot; richtype=&quot;CHARACTER&quot; type=&quot;xsd:string&quot;/&gt;&#xA;        &lt;/table&gt;&#xA;    &lt;/service&gt;&#xA;&lt;/entry&gt;">
            <accessType></accessType>
        </template-param>
    </service-input>
    <service-output passthrough="false">
        <param datatype="string" defaultvalue="" description="" encode="true" format="None" formatvalue="" name="WM_UNLOCK_TO" order="" passnull="false" sms-name="" src="entry" sourcevalue="" srcformatvalue="" target="response" targetdatatype="java.lang.String" testvalue="" value="">
            <accessType></accessType>
        </param>
    </service-output>
</service>
