{
  "name" : "SAPCOT01",
  "displayName" : "SAPCOT01",
  "type" : "sky",
  "version" : "1.0",
  "metaPreference" : -1,
  "config" : "{\"custom_request_headers\":{},\"scheme\":\"https\",\"port\":\"25075\",\"prefix\":\"KonySAP\",\"custom_additional_request_headers\":{},\"gateway\":\"konydev.capral.com.au\"}",
  "policyConfig" : "{\"def_user_status\":\"pending\",\"max_login_fail\":5}",
  "admissionPolicy" : "no_approval_needed",
  "identityMeta" : {
    "allow_sso" : false
  },
  "ssoenabled" : false
}