[ {
  "entityTypeId" : "ca08b8aa-fc7d-47e6-b73e-5253e13247f1",
  "id" : "4f52422f-7133-489c-9eb8-08375c5c8480",
  "name" : "classField",
  "sourceFieldname" : "classField",
  "description" : "Parent Type of the Binary File",
  "dataType" : "string",
  "hasIndex" : false,
  "unique" : false,
  "primarykey" : false,
  "namefield" : false,
  "nullable" : true,
  "custom" : false,
  "createable" : true,
  "updateable" : true,
  "audit" : false,
  "customizable" : false,
  "fieldLength" : 40,
  "precision" : 0,
  "fieldOrder" : 0,
  "fieldProperties" : {
    "autoGenerated" : "false"
  }
}, {
  "entityTypeId" : "ca08b8aa-fc7d-47e6-b73e-5253e13247f1",
  "id" : "1972aaf8-c948-48c2-8dde-d62dbbcd4145",
  "name" : "classValue",
  "sourceFieldname" : "classValue",
  "description" : "Parent Value of the Binary File",
  "dataType" : "string",
  "hasIndex" : false,
  "unique" : false,
  "primarykey" : false,
  "namefield" : false,
  "nullable" : true,
  "custom" : false,
  "createable" : true,
  "updateable" : true,
  "audit" : false,
  "customizable" : false,
  "fieldLength" : 40,
  "precision" : 0,
  "fieldOrder" : 0,
  "fieldProperties" : {
    "autoGenerated" : "false"
  }
}, {
  "entityTypeId" : "ca08b8aa-fc7d-47e6-b73e-5253e13247f1",
  "id" : "e2545786-5fe5-4eb8-a7f2-09b2713037a4",
  "name" : "description",
  "sourceFieldname" : "description",
  "description" : "Description of the Binary File",
  "dataType" : "string",
  "hasIndex" : false,
  "unique" : false,
  "primarykey" : false,
  "namefield" : false,
  "nullable" : false,
  "custom" : false,
  "createable" : true,
  "updateable" : true,
  "audit" : false,
  "customizable" : false,
  "fieldLength" : 60,
  "precision" : 0,
  "fieldOrder" : 0,
  "fieldProperties" : {
    "autoGenerated" : "false"
  }
}, {
  "entityTypeId" : "ca08b8aa-fc7d-47e6-b73e-5253e13247f1",
  "id" : "ce6d347e-b0e2-4ea6-9e7f-00f5057ecec7",
  "name" : "extension",
  "sourceFieldname" : "extension",
  "description" : "Extension of the Binary File",
  "dataType" : "string",
  "hasIndex" : false,
  "unique" : false,
  "primarykey" : false,
  "namefield" : false,
  "nullable" : false,
  "custom" : false,
  "createable" : true,
  "updateable" : true,
  "audit" : false,
  "customizable" : false,
  "fieldLength" : 8,
  "precision" : 0,
  "fieldOrder" : 0,
  "fieldProperties" : {
    "autoGenerated" : "false"
  }
}, {
  "entityTypeId" : "ca08b8aa-fc7d-47e6-b73e-5253e13247f1",
  "id" : "95ca11ce-0f83-4905-aae1-3302f87e8867",
  "name" : "group",
  "sourceFieldname" : "group",
  "description" : "Group to which the Binary File belongs",
  "dataType" : "string",
  "hasIndex" : false,
  "unique" : false,
  "primarykey" : false,
  "namefield" : false,
  "nullable" : true,
  "custom" : false,
  "createable" : true,
  "updateable" : true,
  "audit" : false,
  "customizable" : false,
  "fieldLength" : 20,
  "precision" : 0,
  "fieldOrder" : 0,
  "fieldProperties" : {
    "autoGenerated" : "false"
  }
}, {
  "entityTypeId" : "ca08b8aa-fc7d-47e6-b73e-5253e13247f1",
  "id" : "fdedf327-d8d8-4654-b956-79054ece4013",
  "name" : "name",
  "sourceFieldname" : "name",
  "description" : "Name of the Binary File",
  "dataType" : "string",
  "hasIndex" : false,
  "unique" : false,
  "primarykey" : true,
  "namefield" : false,
  "nullable" : false,
  "custom" : false,
  "createable" : true,
  "updateable" : true,
  "audit" : false,
  "customizable" : false,
  "fieldLength" : 32,
  "precision" : 0,
  "fieldOrder" : 0,
  "fieldProperties" : {
    "autoGenerated" : "true"
  }
}, {
  "entityTypeId" : "ca08b8aa-fc7d-47e6-b73e-5253e13247f1",
  "id" : "c54e78e2-52c6-4c6a-b27b-873d3330b023",
  "name" : "ondemand",
  "sourceFieldname" : "ondemand",
  "description" : "On Demand",
  "dataType" : "string",
  "hasIndex" : false,
  "unique" : false,
  "primarykey" : false,
  "namefield" : false,
  "nullable" : true,
  "custom" : false,
  "createable" : true,
  "updateable" : true,
  "audit" : false,
  "customizable" : false,
  "fieldLength" : 20,
  "precision" : 0,
  "fieldOrder" : 0,
  "fieldProperties" : {
    "autoGenerated" : "false"
  }
}, {
  "entityTypeId" : "ca08b8aa-fc7d-47e6-b73e-5253e13247f1",
  "id" : "99a1470c-3dcf-4d7a-91f2-6050deffc11c",
  "name" : "type",
  "sourceFieldname" : "type",
  "description" : "Type of the Binary File",
  "dataType" : "string",
  "hasIndex" : false,
  "unique" : false,
  "primarykey" : false,
  "namefield" : false,
  "nullable" : false,
  "custom" : false,
  "createable" : true,
  "updateable" : true,
  "audit" : false,
  "customizable" : false,
  "fieldLength" : 15,
  "precision" : 0,
  "fieldOrder" : 0,
  "fieldProperties" : {
    "autoGenerated" : "false"
  }
}, {
  "entityTypeId" : "ca08b8aa-fc7d-47e6-b73e-5253e13247f1",
  "id" : "140bffce-9148-42c1-898c-f070954b8eb2",
  "name" : "url",
  "sourceFieldname" : "url",
  "description" : "Binary Field",
  "dataType" : "binary",
  "hasIndex" : false,
  "unique" : false,
  "primarykey" : false,
  "namefield" : false,
  "nullable" : true,
  "custom" : false,
  "createable" : true,
  "updateable" : true,
  "audit" : false,
  "customizable" : false,
  "fieldLength" : 0,
  "precision" : 0,
  "fieldOrder" : 0,
  "fieldProperties" : {
    "extension" : "extension",
    "format" : "type",
    "description" : "description",
    "id" : "name",
    "autoGenerated" : "false",
    "contentType" : "URL",
    "downloadToDevice" : "ifrecordvalue",
    "downloadToDeviceField" : "ondemand"
  }
} ]