{
  "operationConfig" : {
    "name" : "deleteBinarymedia1777",
    "type" : "MappedToBackend",
    "cachable" : false,
    "smsEnabled" : false,
    "security" : "authorized_app_user",
    "responseEncoding" : "UTF-8",
    "httpMethod" : "GET",
    "decodeResponseBody" : false,
    "referencingEndpoint" : "default",
    "inputs" : [ {
      "id" : "data",
      "scope" : "request",
      "dataType" : "string",
      "encode" : true,
      "passNull" : false
    }, {
      "id" : "fieldName",
      "scope" : "request",
      "dataType" : "string",
      "encode" : true,
      "passNull" : false
    }, {
      "id" : "name",
      "scope" : "request",
      "dataType" : "string",
      "encode" : true,
      "passNull" : false
    } ],
    "headers" : [ {
      "id" : "KonySAP-Session-Key",
      "scope" : "request"
    } ],
    "applyCommonMapping" : true,
    "applyRequestCommonMapping" : true,
    "applyResponseCommonMapping" : true,
    "entityMetadata" : "{\"skyEntityMetadataRuntime\":{\"service\":\"media\",\"entityName\":\"media\",\"autoGeneratedFields\":[\"name\"],\"fMap\":{},\"config\":{}}}",
    "opcode" : "deleteBinary",
    "backendMeta" : {
      "dataObjectName" : "ZWMMEDIA_DOB",
      "libraryName" : "WM",
      "businessObjectName" : "media"
    },
    "relationshipHierarchyMapping" : {
      "children" : [ ],
      "name" : "media",
      "actions" : { },
      "selected" : true
    },
    "requestXmlMappingOverride" : false,
    "responseXmlMappingOverride" : false
  }
}