[ {
  "entityTypeId" : "33b8156c-15a6-4af9-8d1d-0d561e792df5",
  "id" : "ed9372dd-97bc-44fd-bd58-4df3185cd39b",
  "name" : "BINARY_NAME",
  "sourceFieldname" : "BINARY_NAME",
  "description" : "Binary object name",
  "dataType" : "string",
  "hasIndex" : false,
  "unique" : false,
  "primarykey" : false,
  "namefield" : false,
  "nullable" : true,
  "custom" : false,
  "createable" : true,
  "updateable" : true,
  "audit" : false,
  "customizable" : false,
  "fieldLength" : 32,
  "precision" : 0,
  "fieldOrder" : 0,
  "fieldProperties" : {
    "autoGenerated" : "false"
  }
}, {
  "entityTypeId" : "33b8156c-15a6-4af9-8d1d-0d561e792df5",
  "id" : "9e076b20-faed-44a6-b859-ceb0c0caeeef",
  "name" : "MATNR",
  "sourceFieldname" : "MATNR",
  "description" : "Material Number",
  "dataType" : "string",
  "hasIndex" : false,
  "unique" : false,
  "primarykey" : true,
  "namefield" : false,
  "nullable" : false,
  "custom" : false,
  "createable" : true,
  "updateable" : true,
  "audit" : false,
  "customizable" : false,
  "fieldLength" : 18,
  "precision" : 0,
  "fieldOrder" : 0,
  "fieldProperties" : {
    "autoGenerated" : "false"
  }
} ]