{
  "operationConfig" : {
    "name" : "queryZWMMEDIA1245",
    "type" : "MappedToBackend",
    "cachable" : false,
    "smsEnabled" : false,
    "security" : "authorized_app_user",
    "responseEncoding" : "UTF-8",
    "httpMethod" : "GET",
    "decodeResponseBody" : false,
    "referencingEndpoint" : "default",
    "outputs" : [ {
      "id" : "ZWMMEDIA",
      "scope" : "response",
      "dataType" : "string",
      "formatType" : "None"
    }, {
      "id" : "MATNR",
      "scope" : "response",
      "dataType" : "string",
      "collectionID" : "ZWMMEDIA",
      "formatType" : "None"
    }, {
      "id" : "BINARY_NAME",
      "scope" : "response",
      "dataType" : "string",
      "collectionID" : "ZWMMEDIA",
      "formatType" : "None"
    }, {
      "id" : "nextBatchId",
      "scope" : "response",
      "dataType" : "string",
      "formatType" : "None"
    }, {
      "id" : "hasMoreRecords",
      "scope" : "response",
      "dataType" : "string",
      "formatType" : "None"
    }, {
      "id" : "media",
      "scope" : "response",
      "dataType" : "string",
      "collectionID" : "ZWMMEDIA",
      "formatType" : "None"
    }, {
      "id" : "name",
      "scope" : "response",
      "dataType" : "string",
      "collectionID" : "media",
      "formatType" : "None"
    }, {
      "id" : "description",
      "scope" : "response",
      "dataType" : "string",
      "collectionID" : "media",
      "formatType" : "None"
    }, {
      "id" : "classField",
      "scope" : "response",
      "dataType" : "string",
      "collectionID" : "media",
      "formatType" : "None"
    }, {
      "id" : "classValue",
      "scope" : "response",
      "dataType" : "string",
      "collectionID" : "media",
      "formatType" : "None"
    }, {
      "id" : "group",
      "scope" : "response",
      "dataType" : "string",
      "collectionID" : "media",
      "formatType" : "None"
    }, {
      "id" : "type",
      "scope" : "response",
      "dataType" : "string",
      "collectionID" : "media",
      "formatType" : "None"
    }, {
      "id" : "extension",
      "scope" : "response",
      "dataType" : "string",
      "collectionID" : "media",
      "formatType" : "None"
    }, {
      "id" : "url",
      "scope" : "response",
      "dataType" : "binary",
      "collectionID" : "media",
      "formatType" : "None"
    }, {
      "id" : "ondemand",
      "scope" : "response",
      "dataType" : "string",
      "collectionID" : "media",
      "formatType" : "None"
    } ],
    "headers" : [ {
      "id" : "KonySAP-Session-Key",
      "scope" : "request"
    } ],
    "odata" : [ {
      "id" : "$select",
      "dataType" : "string",
      "encode" : true,
      "accessType" : "readonly"
    }, {
      "id" : "$filter",
      "dataType" : "string",
      "encode" : true,
      "accessType" : "readonly"
    }, {
      "id" : "$orderby",
      "dataType" : "string",
      "encode" : true,
      "accessType" : "readonly"
    }, {
      "id" : "$top",
      "dataType" : "string",
      "encode" : true,
      "accessType" : "readonly"
    }, {
      "id" : "$skip",
      "dataType" : "string",
      "encode" : true,
      "accessType" : "readonly"
    }, {
      "id" : "$expand",
      "dataType" : "string",
      "encode" : true,
      "accessType" : "readonly"
    }, {
      "id" : "$batchsize",
      "dataType" : "string",
      "encode" : true,
      "accessType" : "readonly"
    }, {
      "id" : "$batchid",
      "dataType" : "string",
      "encode" : true,
      "accessType" : "readonly"
    } ],
    "applyCommonMapping" : true,
    "applyRequestCommonMapping" : true,
    "applyResponseCommonMapping" : true,
    "entityMetadata" : "{\"skyEntityMetadataRuntime\":{\"service\":\"ZWMMEDIA_DOB\",\"entityName\":\"ZWMMEDIA\",\"fMap\":{},\"sQuery\":\"\",\"relatedEntities\":[{\"relationshipType\":\"MANY_TO_ONE\",\"autoGeneratedFields\":[\"name\"],\"service\":\"media\",\"entityName\":\"media\",\"config\":{},\"relationshipKeys\":[{\"parentKey\":\"BINARY_NAME\",\"childKey\":\"name\"}]}],\"config\":{},\"entityEndPoint\":\"http://konydev.capral.com.au:15075/v1/ZWMMEDIA_DOB\"}}",
    "opcode" : "query",
    "backendMeta" : {
      "dataObjectName" : "ZWMMEDIA_DOB",
      "libraryName" : "WM",
      "businessObjectName" : "ZWMMEDIA"
    },
    "relationshipHierarchyMapping" : {
      "children" : [ {
        "children" : [ ],
        "name" : "media",
        "actions" : {
          "get" : true
        },
        "selected" : true
      } ],
      "name" : "ZWMMEDIA",
      "actions" : {
        "get" : true
      },
      "selected" : true
    },
    "requestXmlMappingOverride" : false,
    "responseXmlMappingOverride" : false
  }
}