[ {
  "entityTypeId" : "099d0ca6-c31a-401f-8286-528e6b30482b",
  "id" : "d2b3c14c-2a1f-482d-9e4a-29680c37cdf2",
  "name" : "classField",
  "sourceFieldname" : "classField",
  "description" : "Parent Type of the Binary File",
  "dataType" : "string",
  "hasIndex" : false,
  "unique" : false,
  "primarykey" : false,
  "namefield" : false,
  "nullable" : true,
  "custom" : false,
  "createable" : true,
  "updateable" : true,
  "audit" : false,
  "customizable" : false,
  "fieldLength" : 40,
  "precision" : 0,
  "fieldOrder" : 0,
  "fieldProperties" : {
    "autoGenerated" : "false"
  }
}, {
  "entityTypeId" : "099d0ca6-c31a-401f-8286-528e6b30482b",
  "id" : "0bdd2086-0797-479b-8f6e-eb076148fb7b",
  "name" : "classValue",
  "sourceFieldname" : "classValue",
  "description" : "Parent Value of the Binary File",
  "dataType" : "string",
  "hasIndex" : false,
  "unique" : false,
  "primarykey" : false,
  "namefield" : false,
  "nullable" : true,
  "custom" : false,
  "createable" : true,
  "updateable" : true,
  "audit" : false,
  "customizable" : false,
  "fieldLength" : 40,
  "precision" : 0,
  "fieldOrder" : 0,
  "fieldProperties" : {
    "autoGenerated" : "false"
  }
}, {
  "entityTypeId" : "099d0ca6-c31a-401f-8286-528e6b30482b",
  "id" : "4cd704f6-566a-4d21-b935-24dbb6532ccc",
  "name" : "description",
  "sourceFieldname" : "description",
  "description" : "Description of the Binary File",
  "dataType" : "string",
  "hasIndex" : false,
  "unique" : false,
  "primarykey" : false,
  "namefield" : false,
  "nullable" : false,
  "custom" : false,
  "createable" : true,
  "updateable" : true,
  "audit" : false,
  "customizable" : false,
  "fieldLength" : 60,
  "precision" : 0,
  "fieldOrder" : 0,
  "fieldProperties" : {
    "autoGenerated" : "false"
  }
}, {
  "entityTypeId" : "099d0ca6-c31a-401f-8286-528e6b30482b",
  "id" : "38689feb-d7a6-47c2-b897-b8ac8dc443c9",
  "name" : "extension",
  "sourceFieldname" : "extension",
  "description" : "Extension of the Binary File",
  "dataType" : "string",
  "hasIndex" : false,
  "unique" : false,
  "primarykey" : false,
  "namefield" : false,
  "nullable" : false,
  "custom" : false,
  "createable" : true,
  "updateable" : true,
  "audit" : false,
  "customizable" : false,
  "fieldLength" : 8,
  "precision" : 0,
  "fieldOrder" : 0,
  "fieldProperties" : {
    "autoGenerated" : "false"
  }
}, {
  "entityTypeId" : "099d0ca6-c31a-401f-8286-528e6b30482b",
  "id" : "5561f11f-ffc4-4a1e-99b5-3c245e74e657",
  "name" : "group",
  "sourceFieldname" : "group",
  "description" : "Group to which the Binary File belongs",
  "dataType" : "string",
  "hasIndex" : false,
  "unique" : false,
  "primarykey" : false,
  "namefield" : false,
  "nullable" : true,
  "custom" : false,
  "createable" : true,
  "updateable" : true,
  "audit" : false,
  "customizable" : false,
  "fieldLength" : 20,
  "precision" : 0,
  "fieldOrder" : 0,
  "fieldProperties" : {
    "autoGenerated" : "false"
  }
}, {
  "entityTypeId" : "099d0ca6-c31a-401f-8286-528e6b30482b",
  "id" : "f04c40ca-dfad-4fcd-9d9b-0f35fafb1568",
  "name" : "name",
  "sourceFieldname" : "name",
  "description" : "Name of the Binary File",
  "dataType" : "string",
  "hasIndex" : false,
  "unique" : false,
  "primarykey" : true,
  "namefield" : false,
  "nullable" : false,
  "custom" : false,
  "createable" : true,
  "updateable" : true,
  "audit" : false,
  "customizable" : false,
  "fieldLength" : 32,
  "precision" : 0,
  "fieldOrder" : 0,
  "fieldProperties" : {
    "autoGenerated" : "true"
  }
}, {
  "entityTypeId" : "099d0ca6-c31a-401f-8286-528e6b30482b",
  "id" : "90589964-e770-465f-8e80-135808694e5b",
  "name" : "ondemand",
  "sourceFieldname" : "ondemand",
  "description" : "On Demand",
  "dataType" : "string",
  "hasIndex" : false,
  "unique" : false,
  "primarykey" : false,
  "namefield" : false,
  "nullable" : true,
  "custom" : false,
  "createable" : true,
  "updateable" : true,
  "audit" : false,
  "customizable" : false,
  "fieldLength" : 20,
  "precision" : 0,
  "fieldOrder" : 0,
  "fieldProperties" : {
    "autoGenerated" : "false"
  }
}, {
  "entityTypeId" : "099d0ca6-c31a-401f-8286-528e6b30482b",
  "id" : "47905856-a17d-4bcf-b64b-390475dc44a3",
  "name" : "type",
  "sourceFieldname" : "type",
  "description" : "Type of the Binary File",
  "dataType" : "string",
  "hasIndex" : false,
  "unique" : false,
  "primarykey" : false,
  "namefield" : false,
  "nullable" : false,
  "custom" : false,
  "createable" : true,
  "updateable" : true,
  "audit" : false,
  "customizable" : false,
  "fieldLength" : 15,
  "precision" : 0,
  "fieldOrder" : 0,
  "fieldProperties" : {
    "autoGenerated" : "false"
  }
}, {
  "entityTypeId" : "099d0ca6-c31a-401f-8286-528e6b30482b",
  "id" : "0827e56c-a12a-4cce-8a6f-bc24258b54d1",
  "name" : "url",
  "sourceFieldname" : "url",
  "description" : "Binary Field",
  "dataType" : "binary",
  "hasIndex" : false,
  "unique" : false,
  "primarykey" : false,
  "namefield" : false,
  "nullable" : true,
  "custom" : false,
  "createable" : true,
  "updateable" : true,
  "audit" : false,
  "customizable" : false,
  "fieldLength" : 0,
  "precision" : 0,
  "fieldOrder" : 0,
  "fieldProperties" : {
    "extension" : "extension",
    "format" : "type",
    "description" : "description",
    "id" : "name",
    "autoGenerated" : "false",
    "contentType" : "URL",
    "downloadToDevice" : "ifrecordvalue",
    "downloadToDeviceField" : "ondemand"
  }
} ]