<?xml version="1.0" encoding="UTF-8" standalone="yes"?>
<endpoint name="default" type="sky" encryptSecureInfo="false">
    <config>
        <entry>
            <key>ignorehttpproxy</key>
            <value>true</value>
        </entry>
        <entry>
            <key>UserName</key>
            <value>eberl</value>
        </entry>
        <entry>
            <key>identityProviderType</key>
            <value>sky</value>
        </entry>
        <entry>
            <key>identityProvider</key>
            <value>SAPCOD01</value>
        </entry>
        <entry>
            <key>CallerId</key>
            <value>test</value>
        </entry>
        <entry>
            <key>Password</key>
            <value>Muassi</value>
        </entry>
    </config>
    <apiThrottling/>
</endpoint>
