{
  "operationConfig" : {
    "name" : "updatemedia8326",
    "type" : "MappedToBackend",
    "cachable" : false,
    "smsEnabled" : false,
    "security" : "authorized_app_user",
    "responseEncoding" : "UTF-8",
    "httpMethod" : "GET",
    "decodeResponseBody" : false,
    "referencingEndpoint" : "default",
    "inputs" : [ {
      "id" : "name",
      "scope" : "request",
      "dataType" : "string",
      "encode" : true,
      "passNull" : false
    }, {
      "id" : "description",
      "scope" : "request",
      "dataType" : "string",
      "encode" : true,
      "passNull" : false
    }, {
      "id" : "classField",
      "scope" : "request",
      "dataType" : "string",
      "encode" : true,
      "passNull" : false
    }, {
      "id" : "classValue",
      "scope" : "request",
      "dataType" : "string",
      "encode" : true,
      "passNull" : false
    }, {
      "id" : "group",
      "scope" : "request",
      "dataType" : "string",
      "encode" : true,
      "passNull" : false
    }, {
      "id" : "type",
      "scope" : "request",
      "dataType" : "string",
      "encode" : true,
      "passNull" : false
    }, {
      "id" : "extension",
      "scope" : "request",
      "dataType" : "string",
      "encode" : true,
      "passNull" : false
    }, {
      "id" : "url",
      "scope" : "request",
      "dataType" : "binary",
      "encode" : true,
      "passNull" : false
    }, {
      "id" : "ondemand",
      "scope" : "request",
      "dataType" : "string",
      "encode" : true,
      "passNull" : false
    } ],
    "outputs" : [ {
      "id" : "media",
      "scope" : "response",
      "dataType" : "string",
      "formatType" : "None"
    }, {
      "id" : "name",
      "scope" : "response",
      "dataType" : "string",
      "collectionID" : "media",
      "formatType" : "None"
    }, {
      "id" : "description",
      "scope" : "response",
      "dataType" : "string",
      "collectionID" : "media",
      "formatType" : "None"
    }, {
      "id" : "classField",
      "scope" : "response",
      "dataType" : "string",
      "collectionID" : "media",
      "formatType" : "None"
    }, {
      "id" : "classValue",
      "scope" : "response",
      "dataType" : "string",
      "collectionID" : "media",
      "formatType" : "None"
    }, {
      "id" : "group",
      "scope" : "response",
      "dataType" : "string",
      "collectionID" : "media",
      "formatType" : "None"
    }, {
      "id" : "type",
      "scope" : "response",
      "dataType" : "string",
      "collectionID" : "media",
      "formatType" : "None"
    }, {
      "id" : "extension",
      "scope" : "response",
      "dataType" : "string",
      "collectionID" : "media",
      "formatType" : "None"
    }, {
      "id" : "url",
      "scope" : "response",
      "dataType" : "binary",
      "collectionID" : "media",
      "formatType" : "None"
    }, {
      "id" : "ondemand",
      "scope" : "response",
      "dataType" : "string",
      "collectionID" : "media",
      "formatType" : "None"
    } ],
    "headers" : [ {
      "id" : "KonySAP-Session-Key",
      "scope" : "request"
    } ],
    "applyCommonMapping" : true,
    "applyRequestCommonMapping" : true,
    "applyResponseCommonMapping" : true,
    "entityMetadata" : "{\"skyEntityMetadataRuntime\":{\"service\":\"media\",\"entityName\":\"media\",\"autoGeneratedFields\":[\"name\"],\"fMap\":{},\"config\":{}}}",
    "opcode" : "update",
    "backendMeta" : {
      "dataObjectName" : "ZWMMEDIA_DOB",
      "libraryName" : "WM",
      "businessObjectName" : "media"
    },
    "relationshipHierarchyMapping" : {
      "children" : [ ],
      "name" : "media",
      "actions" : {
        "create" : true,
        "update" : true,
        "partialupdate" : true,
        "delete" : true
      },
      "selected" : true
    },
    "requestXmlMappingOverride" : false,
    "responseXmlMappingOverride" : false
  }
}